section_index,content
0,"Community issues dominate reported incidents
comprising 36% of the total.
Cultural/Social issues represent a significant 29% of all reported incidents.
Jagtial is the location with the highest concentration of reported incidents."
1,"Community issues in Jagtial require focused intervention and resource allocation.
Potential for escalation from community to political or violent incidents exists.
The high volume of 'N/A' locations obscures accurate geographic risk assessment."
2,"Deploy resources to Jagtial to address community and social issues.
Increase community engagement programs focusing on cultural and social harmony.
Implement a system to improve location data accuracy and completeness."
3,"Community issues erode public trust and social cohesion.
Fear and anxiety increase due to safety concerns about accidents/hazards.
Social disruption and potential for conflict from cultural/social incidents."
